,eightd_has_available_keys,is_installed,is_renting,is_returning,last_reported,num_bikes_available,num_bikes_disabled,num_docks_available,num_docks_disabled,num_ebikes_available,station_id,time_and_day,name,lat,lon,region_id
0,False,1,1,1,1576108825,5,0,10,0,0,1,12/12/2019 12:29:42,Eads St & 15th St S,38.858971,-77.05323,41
1,False,1,1,1,1576161503,6,0,5,0,0,2,12/12/2019 12:29:42,18th St & S Eads St,38.85725,-77.05332,41
2,False,1,1,1,1576169960,12,0,5,0,0,3,12/12/2019 12:29:42,Crystal Dr & 20th St S,38.856425,-77.049232,41
3,False,1,1,1,1576168703,8,0,3,0,0,4,12/12/2019 12:29:42,Crystal Dr & 15th St S,38.86017,-77.049593,41
4,False,1,1,1,1576147569,7,0,4,0,0,5,12/12/2019 12:29:42,Aurora Hills Cmty Ctr / 18th St & S Hayes St,38.857866,-77.05949,41
5,True,1,1,1,1576157277,16,2,1,0,0,6,12/12/2019 12:29:42,Pentagon City Metro / 12th St & S Hayes St,38.862303,-77.059936,41
6,False,1,1,1,1576167496,6,0,9,0,0,7,12/12/2019 12:29:42,Army Navy Dr & S Joyce St,38.8637,-77.0633,41
7,True,1,1,1,1576171331,6,0,12,0,0,8,12/12/2019 12:29:42,Crystal City Metro / 18th St & S Bell St,38.85740496261504,-77.05113172531128,41
8,False,1,1,1,1576162936,11,0,0,0,0,10,12/12/2019 12:29:42,Crystal Dr & 27th St S,38.848466,-77.051514,41
9,False,1,1,1,1576163753,6,0,5,0,0,11,12/12/2019 12:29:42,S Glebe Rd & Potomac Ave,38.8426,-77.0502,41
10,False,1,1,1,1576165821,10,0,6,1,0,12,12/12/2019 12:29:42,Crystal Dr & 23rd St S,38.8533,-77.0498,41
11,False,1,1,1,1576168333,7,0,4,0,0,13,12/12/2019 12:29:42,Clark St & 26th St S,38.850688,-77.05152,41
12,False,1,1,1,1576170635,13,1,1,0,0,14,12/12/2019 12:29:42,19th St & Pennsylvania Ave NW,38.9003,-77.0429,42
13,False,1,1,1,1576171451,10,2,19,0,0,15,12/12/2019 12:29:42,14th & V St NW,38.917931,-77.032112,42
14,False,1,1,1,1576168737,8,0,19,0,0,16,12/12/2019 12:29:42,11th & Kenyon St NW,38.929464,-77.027822,42
15,False,1,1,1,1576168991,20,0,13,0,0,17,12/12/2019 12:29:42,16th & Harvard St NW,38.926088,-77.036536,42
16,False,1,1,1,1576165711,1,0,14,0,0,18,12/12/2019 12:29:42,Adams Mill & Columbia Rd NW,38.922925,-77.042581,42
17,False,1,1,1,1576169138,1,0,18,0,0,19,12/12/2019 12:29:42,14th & Harvard St NW,38.9268,-77.0322,42
18,False,1,1,1,1576160700,0,0,23,0,0,20,12/12/2019 12:29:42,Calvert & Biltmore St NW,38.923203,-77.047637,42
19,False,1,1,1,1576169142,3,1,15,0,0,21,12/12/2019 12:29:42,Lamont & Mt Pleasant NW,38.9319,-77.0388,42
20,False,1,1,1,1576170641,8,1,14,0,0,22,12/12/2019 12:29:42,4th & M St SW,38.8767,-77.0178,42
21,False,1,1,1,1576171096,3,1,15,0,0,23,12/12/2019 12:29:42,15th & P St NW,38.90985,-77.034438,42
22,False,1,1,1,1576171436,4,0,11,0,0,24,12/12/2019 12:29:42,14th & R St NW,38.912681,-77.032523,42
23,False,1,1,1,1576171136,8,0,15,0,0,25,12/12/2019 12:29:42,14th & Rhode Island Ave NW,38.9086,-77.0323,42
24,False,1,1,1,1576171412,13,1,1,0,0,26,12/12/2019 12:29:42,20th & E St NW,38.8963,-77.045,42
25,False,1,1,1,1576171131,24,0,11,0,0,27,12/12/2019 12:29:42,21st & I St NW,38.90071062547463,-77.04644858837128,42
26,False,1,1,1,1576168609,3,0,12,0,0,28,12/12/2019 12:29:42,Georgia & New Hampshire Ave NW,38.936043,-77.024649,42
27,False,1,1,1,1576168878,8,0,11,0,0,29,12/12/2019 12:29:42,14th St & Spring Rd NW,38.9375,-77.0328,42
28,False,1,1,1,1576166359,1,0,10,0,0,30,12/12/2019 12:29:42,John McCormack Dr & Michigan Ave NE,38.9346,-76.9955,42
29,False,1,1,1,1576170758,11,2,6,0,0,31,12/12/2019 12:29:42,5th & K St NW,38.90304,-77.019027,42
30,False,1,1,1,1576159637,13,0,2,0,0,32,12/12/2019 12:29:42,19th & East Capitol St SE,38.8896,-76.9769,42
31,False,1,1,1,1576170213,0,1,18,0,0,33,12/12/2019 12:29:42,Park Rd & Holmead Pl NW,38.9308,-77.0315,42
32,False,1,1,1,1576141432,8,0,3,0,0,34,12/12/2019 12:29:42,Good Hope & Naylor Rd SE,38.86022668950909,-76.96657240390778,42
33,False,1,1,1,1576168995,2,1,8,0,0,35,12/12/2019 12:29:42,Connecticut Ave & Newark St NW / Cleveland Park,38.934267,-77.057979,42
34,False,1,1,1,1576144742,3,0,8,0,0,36,12/12/2019 12:29:42,Randle Circle & Minnesota Ave SE,38.878,-76.9607,42
35,False,1,1,1,1576169780,7,0,8,0,0,37,12/12/2019 12:29:42,Minnesota Ave Metro/DOES,38.897063,-76.947446,42
36,False,1,1,1,1576143894,5,0,6,0,0,38,12/12/2019 12:29:42,Nannie Helen Burroughs & Minnesota Ave NE,38.901385,-76.941877,42
37,False,1,1,1,1576158599,5,0,6,0,0,39,12/12/2019 12:29:42,Anacostia Metro,38.862669,-76.994637,42
38,False,1,1,1,1576160117,7,0,4,0,0,40,12/12/2019 12:29:42,Good Hope Rd & MLK Ave SE,38.867373,-76.988039,42
39,False,1,1,1,1576167453,9,0,2,0,0,41,12/12/2019 12:29:42,19th & E Street NW,38.8952,-77.0436,42
40,False,1,1,1,1576161842,0,0,15,0,0,42,12/12/2019 12:29:42,4th & W St NE,38.919077,-77.000648,42
41,False,1,1,1,1576165176,1,0,14,0,0,43,12/12/2019 12:29:42,10th & U St NW,38.9172,-77.0259,42
42,False,1,1,1,1576170547,5,0,6,0,0,44,12/12/2019 12:29:42,Georgia Ave and Fairmont St NW,38.9249,-77.0222,42
43,False,1,1,1,1576170885,32,0,7,0,0,45,12/12/2019 12:29:42,1st & N St  SE,38.8743,-77.0057,42
44,False,1,1,1,1576170734,12,0,3,0,0,46,12/12/2019 12:29:42,20th St & Florida Ave NW,38.9154,-77.0446,42
45,False,1,1,1,1576169074,5,2,8,0,0,47,12/12/2019 12:29:42,7th & T St NW,38.9155,-77.0222,42
46,False,1,1,1,1576166971,7,0,8,0,0,48,12/12/2019 12:29:42,Eads St & 22nd St S,38.85438051517749,-77.05341160297394,41
47,False,1,1,1,1576164569,15,0,2,0,0,49,12/12/2019 12:29:42,M St & New Jersey Ave SE,38.8763,-77.0037,42
48,False,1,1,1,1576171718,34,3,8,0,0,51,12/12/2019 12:29:42,Massachusetts Ave & Dupont Circle NW,38.9101,-77.0444,42
49,False,1,1,1,1576170043,11,1,3,0,0,52,12/12/2019 12:29:42,1st & M St NE,38.9057,-77.0056,42
50,False,1,1,1,1576168395,3,0,16,0,0,53,12/12/2019 12:29:42,21st & M St NW,38.90534,-77.046774,42
51,False,1,1,1,1576171716,19,1,3,0,0,54,12/12/2019 12:29:42,17th & K St NW,38.90276,-77.03863,42
52,False,1,1,1,1576171435,13,1,1,0,0,55,12/12/2019 12:29:42,3rd & H St NW,38.899408,-77.015289,42
53,False,1,1,1,1576169613,1,1,9,0,0,56,12/12/2019 12:29:42,3rd & D St SE,38.8851,-77.0023,42
54,False,1,1,1,1576171512,4,2,9,0,0,57,12/12/2019 12:29:42,Potomac & Pennsylvania Ave SE,38.8803,-76.9862,42
55,False,1,1,1,1576165118,1,0,14,0,0,58,12/12/2019 12:29:42,13th & E St SE,38.88291548476762,-76.98790669441223,42
56,False,1,1,1,1576169489,11,1,7,0,0,59,12/12/2019 12:29:42,17th & Corcoran St NW,38.9121,-77.0387,42
57,False,1,1,1,1576171329,7,0,8,0,0,60,12/12/2019 12:29:42,Van Ness Metro / UDC,38.944551,-77.063896,42
58,False,1,1,1,1576169777,2,1,12,0,0,61,12/12/2019 12:29:42,Florida Ave & R St NW,38.9126,-77.0135,42
59,False,1,1,1,1576170061,2,0,9,0,0,62,12/12/2019 12:29:42,8th & Eye St SE / Barracks Row,38.8792,-76.9953,42
60,False,1,1,1,1576171517,0,1,14,0,0,63,12/12/2019 12:29:42,Ward Circle / American University,38.938736,-77.087171,42
61,False,1,1,1,1576168593,5,0,14,0,0,64,12/12/2019 12:29:42,Wisconsin Ave & Newark St NW,38.934881,-77.072755,42
62,False,1,1,1,1576170288,2,0,9,0,0,65,12/12/2019 12:29:42,14th St Heights / 14th & Crittenden St NW,38.947774,-77.032818,42
63,False,1,1,1,1576157792,5,0,6,0,0,66,12/12/2019 12:29:42,Anacostia Library,38.865784,-76.9784,42
64,False,1,1,1,1576164953,5,0,6,0,0,67,12/12/2019 12:29:42,Pennsylvania & Minnesota Ave SE,38.873057,-76.971015,42
65,False,1,1,1,1576168597,8,1,6,0,0,68,12/12/2019 12:29:42,Eastern Market / 7th & North Carolina Ave SE,38.886952,-76.996806,42
66,False,1,1,1,1576169872,21,1,0,0,0,69,12/12/2019 12:29:42,14th St & New York Ave NW,38.899632,-77.031686,42
67,False,1,1,1,1576141687,7,0,4,0,0,70,12/12/2019 12:29:42,Benning Branch Library,38.894,-76.947974,42
68,False,1,1,1,1576170289,38,0,1,0,0,71,12/12/2019 12:29:42,USDA / 12th & C St SW,38.88627694506511,-77.02824175357819,42
69,False,1,1,1,1576171713,14,1,4,0,0,72,12/12/2019 12:29:42,Georgetown Harbor / 30th St NW,38.9022212,-77.059219,42
70,False,1,1,1,1576104662,0,0,11,0,0,73,12/12/2019 12:29:42,12th & Newton St NE,38.933668,-76.991016,42
71,False,1,1,1,1576170935,13,0,2,0,0,74,12/12/2019 12:29:42,US Dept of State / Virginia Ave & 21st St NW,38.894919,-77.046587,42
72,False,1,1,1,1576170753,13,1,1,0,0,75,12/12/2019 12:29:42,L'Enfant Plaza / 7th & C St SW,38.886266,-77.022241,42
73,False,1,1,1,1576163962,22,0,8,1,0,76,12/12/2019 12:29:42,10th St & Constitution Ave NW,38.893028,-77.026013,42
74,False,1,1,1,1576171544,7,1,11,0,0,77,12/12/2019 12:29:42,Kennedy Center,38.897293,-77.05557,42
75,False,1,1,1,1576171599,13,0,6,0,0,78,12/12/2019 12:29:42,Eastern Market Metro / Pennsylvania Ave & 7th St SE,38.884,-76.995397,42
76,False,1,1,1,1576171511,24,1,2,0,0,79,12/12/2019 12:29:42,18th & M St NW,38.90506687455313,-77.04177886247635,42
77,False,1,1,1,1576171757,12,0,3,0,0,80,12/12/2019 12:29:42,Tenleytown / Wisconsin Ave & Albemarle St NW,38.947607,-77.079382,42
78,False,1,1,1,1576167222,1,0,26,0,0,81,12/12/2019 12:29:42,13th & H St NE,38.900021783466954,-76.98842167854308,42
79,False,1,1,1,1576171502,22,1,8,0,0,82,12/12/2019 12:29:42,5th & F St NW,38.897222,-77.019347,42
80,False,1,1,1,1576167014,7,0,12,0,0,83,12/12/2019 12:29:42,New York Ave & 15th St NW,38.89903234416315,-77.03335404396057,42
81,False,1,1,1,1576171078,6,1,16,0,0,84,12/12/2019 12:29:42,Convention Center / 7th & M St NW,38.905737,-77.02227,42
82,False,1,1,1,1576160663,8,0,7,0,0,85,12/12/2019 12:29:42,Harvard St & Adams Mill Rd NW,38.927872,-77.043358,42
83,False,1,1,1,1576168878,11,0,8,0,0,86,12/12/2019 12:29:42,18th & L St NW,38.903741450919384,-77.04245209693909,42
84,False,1,1,1,1576171324,21,0,2,0,0,87,12/12/2019 12:29:42,C & O Canal & Wisconsin Ave NW,38.90375,-77.06269,42
85,False,1,1,1,1576159903,14,2,3,0,0,88,12/12/2019 12:29:42,Maine Ave & 7th St SW,38.878693599396954,-77.02305436134338,42
86,False,1,1,1,1576171555,2,1,20,0,0,89,12/12/2019 12:29:42,D St & Maryland Ave NE,38.894758,-76.997114,42
87,False,1,1,1,1576166481,0,1,10,0,0,90,12/12/2019 12:29:42,34th St & Wisconsin Ave NW,38.916442,-77.0682,42
88,False,1,1,1,1576171395,17,1,5,0,0,91,12/12/2019 12:29:42,13th St & New York Ave NW,38.900283,-77.029822,42
89,False,1,1,1,1576171165,23,0,10,0,0,92,12/12/2019 12:29:42,8th & H St NW,38.8997,-77.023086,42
90,False,1,1,1,1576168345,3,0,12,0,0,93,12/12/2019 12:29:42,10th & Monroe St NE,38.932514,-76.992889,42
91,False,1,1,1,1576168757,8,0,15,0,0,94,12/12/2019 12:29:42,Eckington Pl & Q St NE,38.910972,-77.00495,42
92,False,1,1,1,1576171101,4,2,17,0,0,95,12/12/2019 12:29:42,6th & H St NE,38.899972,-76.998347,42
93,False,1,1,1,1576170861,8,1,10,0,0,96,12/12/2019 12:29:42,3rd & H St NE,38.900412,-77.001949,42
94,False,1,1,1,1576158828,9,0,6,0,0,97,12/12/2019 12:29:42,Bladensburg Rd & Benning Rd NE,38.900413,-76.982872,42
95,False,1,1,1,1576171411,3,0,8,0,0,98,12/12/2019 12:29:42,4th & East Capitol St NE,38.889955,-77.000349,42
96,False,1,1,1,1576171767,2,1,22,0,0,99,12/12/2019 12:29:42,Lincoln Park / 13th & East Capitol St NE ,38.890461,-76.988355,42
97,False,1,1,1,1576142928,5,0,6,0,0,100,12/12/2019 12:29:42,Branch & Pennsylvania Ave SE,38.8692,-76.9599,42
98,False,1,1,1,1576171441,1,1,29,0,0,101,12/12/2019 12:29:42,13th & D St NE,38.894832,-76.987633,42
99,False,1,1,1,1576170869,1,0,22,0,0,102,12/12/2019 12:29:42,New Hampshire Ave & T St NW,38.91554,-77.03818,42
100,False,1,1,1,1576170859,10,1,28,0,0,103,12/12/2019 12:29:42,Metro Center / 12th & G St NW,38.898364,-77.027869,42
101,False,1,1,1,1576171477,20,0,5,0,0,104,12/12/2019 12:29:42,14th & D St NW / Ronald Reagan Building,38.894514,-77.031617,42
102,False,1,1,1,1576171659,12,1,14,0,0,105,12/12/2019 12:29:42,7th & F St NW / National Portrait Gallery,38.897020024228695,-77.02298998832703,42
103,False,1,1,1,1576170988,8,0,27,0,0,106,12/12/2019 12:29:42,17th & K St NW / Farragut Square,38.902061,-77.038322,42
104,False,1,1,1,1576171560,7,0,11,1,0,107,12/12/2019 12:29:42,20th & O St NW / Dupont South,38.908905,-77.04478,42
105,False,1,1,1,1576171761,4,0,11,0,0,108,12/12/2019 12:29:42,4th & D St NW / Judiciary Square,38.895344,-77.016106,42
106,False,1,1,1,1576165806,15,3,17,0,0,109,12/12/2019 12:29:42,19th St & Constitution Ave NW,38.8923,-77.0436,42
107,False,1,1,1,1576171141,18,1,4,0,0,110,12/12/2019 12:29:42,37th & O St NW / Georgetown University,38.90774,-77.071652,42
108,False,1,1,1,1576169558,7,0,12,0,0,111,12/12/2019 12:29:42,11th & H St NE,38.899983,-76.991383,42
109,False,1,1,1,1576171772,9,0,6,0,0,112,12/12/2019 12:29:42,25th St & Pennsylvania Ave NW,38.903827,-77.053485,42
110,False,1,1,1,1576171620,23,2,30,0,0,113,12/12/2019 12:29:42,Columbus Circle / Union Station,38.89696,-77.00493,42
111,False,1,1,1,1576171290,17,1,4,1,0,114,12/12/2019 12:29:42,North Capitol St & F St NW,38.897446,-77.009888,42
112,False,1,1,1,1576171581,14,2,3,0,0,115,12/12/2019 12:29:42,11th & M St NW,38.905607,-77.027137,42
113,False,1,1,1,1576168990,3,0,12,0,0,116,12/12/2019 12:29:42,36th & Calvert St NW / Glover Park,38.922581,-77.070334,42
114,False,1,1,1,1576171287,17,0,6,0,0,117,12/12/2019 12:29:42,14th & G St NW,38.898409,-77.032278,42
115,False,1,1,1,1576109412,13,0,10,0,0,118,12/12/2019 12:29:42,Potomac Ave & 35th St S,38.844015,-77.050537,41
116,True,1,1,1,1576151970,16,0,15,0,0,124,12/12/2019 12:29:42,Ohio Dr & West Basin Dr SW / MLK & FDR Memorials,38.88412,-77.04657,42
117,False,1,1,1,1576160699,15,0,0,0,0,125,12/12/2019 12:29:42,11th & F St NW,38.897857,-77.026975,42
118,False,1,1,1,1576170152,15,0,4,0,0,126,12/12/2019 12:29:42,23rd & E St NW ,38.896104,-77.049882,42
119,False,1,1,1,1576171478,21,0,10,0,0,127,12/12/2019 12:29:42,Lynn St & 19th St North,38.897315,-77.070993,41
120,True,1,1,1,1576171486,14,0,5,0,0,128,12/12/2019 12:29:42,Rosslyn Metro / Wilson Blvd & Ft Myer Dr,38.8946,-77.072305,41
121,False,1,1,1,1576163589,9,1,5,0,0,129,12/12/2019 12:29:42,Clarendon Blvd & Pierce St,38.893438,-77.076389,41
122,False,1,1,1,1576163120,8,1,6,0,0,130,12/12/2019 12:29:42,Wilson Blvd & N Uhle St,38.891696,-77.0846,41
123,False,1,1,1,1576157670,2,0,9,0,0,131,12/12/2019 12:29:42,Rhodes St & 16th St N,38.892164,-77.079375,41
124,False,1,1,1,1576141396,1,1,13,0,0,132,12/12/2019 12:29:42,Fairfax Village,38.86559,-76.952103,42
125,False,1,1,1,1576158935,15,0,0,0,0,133,12/12/2019 12:29:42,21st St & Constitution Ave NW,38.892459,-77.046567,42
126,False,1,1,1,1576104425,5,0,10,0,0,134,12/12/2019 12:29:42,Wilson Blvd & N Edgewood St,38.889,-77.0925,41
127,False,1,1,1,1576171372,5,1,13,0,0,135,12/12/2019 12:29:42,Columbia Rd & Belmont St NW,38.920669,-77.04368,42
128,False,1,1,1,1576170487,22,0,1,0,0,136,12/12/2019 12:29:42,Rhode Island & Connecticut Ave NW,38.905995699991145,-77.03980207443237,42
129,True,1,1,1,1576170636,20,0,13,0,0,137,12/12/2019 12:29:42,Thomas Circle,38.9059,-77.0325,42
130,False,1,1,1,1576156346,4,0,7,0,0,138,12/12/2019 12:29:42,Wilson Blvd & N Franklin Rd,38.8904,-77.0889,41
131,False,1,1,1,1576169612,3,0,12,0,0,139,12/12/2019 12:29:42,Clarendon Blvd & N Fillmore St,38.8881,-77.09308,41
132,True,1,1,1,1576159580,3,0,14,0,0,140,12/12/2019 12:29:42,Clarendon Metro / Wilson Blvd & N Highland St,38.88786,-77.094875,41
133,True,1,1,1,1576171473,19,0,8,0,0,141,12/12/2019 12:29:42,18th St & Pennsylvania Ave NW,38.89968,-77.041539,42
134,False,1,1,1,1576169768,33,1,5,0,0,142,12/12/2019 12:29:42,4th & C St SW,38.88637194054526,-77.01770067214966,42
135,False,1,1,1,1576170858,18,0,1,0,0,143,12/12/2019 12:29:42,4th & E St SW,38.88412,-77.017445,42
136,False,1,1,1,1576169838,7,0,12,0,0,144,12/12/2019 12:29:42,3rd & G St SE,38.881185,-77.001828,42
137,False,1,1,1,1576171612,4,0,11,0,0,145,12/12/2019 12:29:42,7th & R St NW / Shaw Library,38.912719,-77.022155,42
138,False,1,1,1,1576168657,0,0,15,0,0,146,12/12/2019 12:29:42,9th & Upshur St NW,38.9418,-77.0251,42
139,False,1,1,1,1576158770,0,0,15,0,0,147,12/12/2019 12:29:42,1st & Rhode Island Ave NW,38.915417,-77.012289,42
140,False,1,1,1,1576170501,7,0,12,0,0,148,12/12/2019 12:29:42,Columbia Rd & Georgia Ave NW,38.92812111132096,-77.0237946510315,42
141,False,1,1,1,1576170764,2,1,16,0,0,149,12/12/2019 12:29:42,California St & Florida Ave NW,38.917761,-77.04062,42
142,False,1,1,1,1576142606,7,0,12,0,0,150,12/12/2019 12:29:42,Benning Rd & East Capitol St NE / Benning Rd Metro,38.889935,-76.93723,42
143,False,1,1,1,1576153763,0,0,15,0,0,151,12/12/2019 12:29:42,3000 Connecticut Ave NW / National Zoo,38.930282,-77.055599,42
144,False,1,1,1,1576142962,7,0,7,1,0,152,12/12/2019 12:29:42,Anacostia Ave & Benning Rd NE / River Terrace ,38.896544,-76.96012,42
145,False,1,1,1,1576170926,17,2,0,0,0,153,12/12/2019 12:29:42,M St & Pennsylvania Ave NW,38.905126,-77.056887,42
146,False,1,1,1,1576166543,1,0,14,0,0,154,12/12/2019 12:29:42,15th St & Massachusetts Ave SE,38.88732,-76.983569,42
147,False,1,1,1,1576155513,1,0,14,0,0,155,12/12/2019 12:29:42,Congress Heights Metro,38.844711,-76.987823,42
148,False,1,1,1,1576168875,1,1,9,0,0,156,12/12/2019 12:29:42,N Quincy St & Glebe Rd,38.876393,-77.107735,41
149,False,1,1,1,1576168913,4,0,7,0,0,157,12/12/2019 12:29:42,Barcroft Community Center,38.85033657788445,-77.1009886264801,41
150,False,1,1,1,1576162683,0,0,15,0,0,158,12/12/2019 12:29:42,N Veitch St & 20th St N,38.896923,-77.086502,41
151,False,1,1,1,1576170989,19,0,4,0,0,159,12/12/2019 12:29:42,10th & K St NW,38.9024,-77.02622,42
152,False,1,1,1,1576164218,6,0,5,0,0,160,12/12/2019 12:29:42,Fairfax Dr & Wilson Blvd,38.885801,-77.097745,41
153,False,1,1,1,1576161709,7,0,4,0,0,161,12/12/2019 12:29:42,Key Blvd & N Quinn St,38.896355,-77.078408,41
154,False,1,1,1,1576170860,7,1,7,0,0,162,12/12/2019 12:29:42,1st & K St SE,38.878854378063295,-77.00572729110718,42
155,False,1,1,1,1576171115,7,0,12,0,0,163,12/12/2019 12:29:42,39th & Calvert St NW / Stoddert,38.922649,-77.077271,42
156,False,1,1,1,1576168979,3,0,12,0,0,164,12/12/2019 12:29:42,1st & Washington Hospital Center NW,38.928743,-77.012457,42
157,False,1,1,1,1576169089,8,0,11,0,0,165,12/12/2019 12:29:42,Virginia Square Metro / Monroe St & 9th St N,38.882788,-77.103148,41
158,False,1,1,1,1576142932,3,0,8,0,0,166,12/12/2019 12:29:42,Central Library / Quincy St & 10th St N,38.88397,-77.10783,41
159,False,1,1,1,1576159648,1,0,14,0,0,167,12/12/2019 12:29:42,Washington Blvd & 10th St N,38.884734,-77.093485,41
160,True,1,1,1,1576170097,19,2,2,0,0,168,12/12/2019 12:29:42,Jefferson Dr & 14th St SW,38.888553,-77.032429,42
161,True,1,1,1,1576171371,23,1,11,0,0,169,12/12/2019 12:29:42,Smithsonian-National Mall / Jefferson Dr & 12th St SW,38.888767,-77.02858,42
162,False,1,1,1,1576170718,2,0,13,0,0,170,12/12/2019 12:29:42,George Mason Dr & Wilson Blvd,38.87887,-77.1207,41
163,False,1,1,1,1576167781,13,2,4,0,0,171,12/12/2019 12:29:42,6th St & Indiana Ave NW,38.894573,-77.01994,42
164,False,1,1,1,1576169662,1,0,10,0,0,172,12/12/2019 12:29:42,N Veitch St & Key Blvd,38.893237,-77.086063,41
165,False,1,1,1,1576166083,0,1,18,0,0,173,12/12/2019 12:29:42,Lee Hwy & N Adams St,38.89593,-77.089006,41
166,False,1,1,1,1576160196,5,0,6,0,0,174,12/12/2019 12:29:42,15th St & N Scott St,38.89054,-77.08095,41
167,False,1,1,1,1576165033,0,0,11,0,0,175,12/12/2019 12:29:42,Washington Blvd & 7th St N,38.88081,-77.090792,41
168,True,1,1,1,1576171348,12,0,11,0,0,176,12/12/2019 12:29:42,Ballston Metro / Stuart St & 9th St N,38.881044,-77.111768,41
169,False,1,1,1,1576169869,4,0,7,0,0,177,12/12/2019 12:29:42,Fairfax Dr & N Randolph St,38.882629,-77.109366,41
170,True,1,1,1,1576169271,5,0,18,0,0,178,12/12/2019 12:29:42,Jefferson Memorial,38.879819,-77.037413,42
171,False,1,1,1,1576102549,12,1,2,0,0,179,12/12/2019 12:29:42,Good Hope Rd & 14th St SE,38.866611,-76.985238,42
172,False,1,1,1,1576171574,10,0,1,0,0,180,12/12/2019 12:29:42,Glebe Rd & 11th St N,38.883921,-77.116817,41
173,False,1,1,1,1576162201,6,0,9,0,0,181,12/12/2019 12:29:42,Wilson Blvd & N Quincy St,38.880012,-77.107854,41
174,False,1,1,1,1576154508,5,0,6,0,0,182,12/12/2019 12:29:42,GMU / Fairfax Dr & Kenmore St,38.884616,-77.10108,41
175,False,1,1,1,1576168954,4,1,14,0,0,183,12/12/2019 12:29:42,Gallaudet / 8th St & Florida Ave NE,38.90509,-76.9941,42
176,False,1,1,1,1576171684,7,0,12,0,0,185,12/12/2019 12:29:42,20th & L St NW,38.903584,-77.044789,42
177,False,1,1,1,1576170523,16,1,2,0,0,186,12/12/2019 12:29:42,12th & L St NW,38.903819,-77.0284,42
178,False,1,1,1,1576170032,19,0,0,0,0,187,12/12/2019 12:29:42,21st St & Pennsylvania Ave NW,38.901539,-77.046564,42
179,False,1,1,1,1576170944,13,1,9,0,0,188,12/12/2019 12:29:42,19th & K St NW,38.902204,-77.04337,42
180,False,1,1,1,1576143214,9,1,9,0,0,189,12/12/2019 12:29:42,Prince St & Union St,38.803124,-77.040363,40
181,False,1,1,1,1576170610,11,0,4,0,0,190,12/12/2019 12:29:42,Market Square / King St & Royal St,38.804718,-77.043363,40
182,False,1,1,1,1576169588,1,1,13,0,0,191,12/12/2019 12:29:42,Saint Asaph St & Pendleton  St,38.810743,-77.044664,40
183,False,1,1,1,1576170415,12,1,2,0,0,192,12/12/2019 12:29:42,King St & Patrick St,38.805317,-77.049883,40
184,False,1,1,1,1576171664,19,2,6,0,0,193,12/12/2019 12:29:42,15th & K St NW,38.902,-77.03353,42
185,False,1,1,1,1576169618,7,0,8,0,0,194,12/12/2019 12:29:42,Commerce St & Fayette St,38.805648,-77.05293,40
186,False,1,1,1,1576143834,1,0,16,0,0,195,12/12/2019 12:29:42,Henry St & Pendleton St,38.811456,-77.050276,40
187,True,1,1,1,1576169268,17,0,12,0,0,196,12/12/2019 12:29:42,Braddock Rd Metro,38.814577,-77.052808,40
188,False,1,1,1,1576171408,10,0,13,0,0,197,12/12/2019 12:29:42,King St Metro South,38.80576284873485,-77.060626745224,40
189,False,1,1,1,1576171283,12,0,3,0,0,198,12/12/2019 12:29:42,24th & N St NW,38.9066,-77.05152,42
190,False,1,1,1,1576168670,8,1,6,0,0,199,12/12/2019 12:29:42,10th & E St NW,38.895914,-77.026064,42
191,False,1,1,1,1576171561,14,0,1,0,0,200,12/12/2019 12:29:42,22nd & I St NW / Foggy Bottom,38.90088,-77.048911,42
192,False,1,1,1,1576171222,6,0,5,0,0,201,12/12/2019 12:29:42,Utah St & 11th St N ,38.883669,-77.113905,41
193,False,1,1,1,1576150488,0,1,10,0,0,202,12/12/2019 12:29:42,Barton St & 10th St N,38.884961,-77.08777,41
194,False,1,1,1,1576169813,2,0,9,0,0,203,12/12/2019 12:29:42,Arlington Blvd & N Queen St,38.889365,-77.077294,41
195,True,1,1,1,1576170557,1,0,24,0,0,204,12/12/2019 12:29:42,Lincoln Memorial,38.888251,-77.049426,42
196,False,1,1,1,1576168187,15,0,0,0,0,206,12/12/2019 12:29:42,20th St & Virginia Ave NW,38.894722,-77.045128,42
197,False,1,1,1,1576170184,10,0,9,0,0,207,12/12/2019 12:29:42,5th St & Massachusetts Ave NW,38.90093,-77.018677,42
198,False,1,1,1,1576171202,5,1,9,0,0,208,12/12/2019 12:29:42,39th & Veazey St NW,38.943837,-77.077078,42
199,False,1,1,1,1576170417,1,0,14,0,0,209,12/12/2019 12:29:42,Fessenden St & Wisconsin Ave NW,38.954812,-77.082426,42
200,False,1,1,1,1576169699,18,3,2,0,0,210,12/12/2019 12:29:42,3rd & M St NE,38.905469714943266,-77.0021304488182,42
201,False,1,1,1,1576156591,1,1,13,0,0,211,12/12/2019 12:29:42,Columbia Pike & S Courthouse Rd,38.863833,-77.080319,41
202,False,1,1,1,1576143540,11,0,0,0,0,212,12/12/2019 12:29:42,Walter Reed Dr & 16th St S,38.857803,-77.086733,41
203,False,1,1,1,1576156096,7,0,8,0,0,213,12/12/2019 12:29:42,28th St & S Meade St,38.846222,-77.069275,41
204,False,1,1,1,1576171384,3,1,19,0,0,214,12/12/2019 12:29:42,18th St & Wyoming Ave NW,38.918809,-77.041571,42
205,False,1,1,1,1576158158,0,0,15,0,0,215,12/12/2019 12:29:42,5th & Kennedy St NW,38.956555547721955,-77.0198142528534,42
206,False,1,1,1,1576157359,1,0,18,0,0,216,12/12/2019 12:29:42,Georgia Ave & Emerson St NW,38.949662,-77.027333,42
207,False,1,1,1,1576168800,1,0,18,0,0,217,12/12/2019 12:29:42,14th & Upshur St NW,38.942475355602845,-77.03267812728882,42
208,False,1,1,1,1576161143,13,0,6,0,0,218,12/12/2019 12:29:42,14th St & Colorado Ave NW,38.956432,-77.032947,42
209,False,1,1,1,1576159999,9,1,1,0,0,219,12/12/2019 12:29:42,Troy St & 26th St S,38.847977,-77.075104,41
210,False,1,1,1,1576164071,4,0,7,0,0,220,12/12/2019 12:29:42,Four Mile Run Dr & S Shirlington Rd,38.8444,-77.085931,41
211,False,1,1,1,1576163952,6,0,5,0,0,221,12/12/2019 12:29:42,Columbia Pike & S Oakland St,38.860789,-77.09586,41
212,False,1,1,1,1576156741,6,0,5,0,0,222,12/12/2019 12:29:42,Four Mile Run Dr & S Walter Reed Dr,38.84736,-77.095431,41
213,False,1,1,1,1576144199,10,0,5,0,0,223,12/12/2019 12:29:42,S Arlington Mill Dr & Campbell Ave,38.84232,-77.089555,41
214,False,1,1,1,1576167968,8,0,3,0,0,224,12/12/2019 12:29:42,Kenmore St & 24th St S,38.848454,-77.084918,41
215,False,1,1,1,1576153729,8,0,7,0,0,225,12/12/2019 12:29:42,13th St & Eastern Ave,38.987,-77.029417,44
216,False,1,1,1,1576171674,2,0,17,0,0,226,12/12/2019 12:29:42,Wisconsin Ave & O St NW,38.90849,-77.063586,42
217,False,1,1,1,1576169359,1,0,12,0,0,227,12/12/2019 12:29:42,Roosevelt Island,38.896553,-77.06714,41
218,False,1,1,1,1576166298,8,0,15,0,0,228,12/12/2019 12:29:42,Connecticut & Nebraska Ave NW,38.955016,-77.069956,42
219,False,1,1,1,1576170854,14,2,3,0,0,229,12/12/2019 12:29:42,17th St & Massachusetts Ave NW,38.908142,-77.038359,42
220,False,1,1,1,1576170184,14,0,1,0,0,230,12/12/2019 12:29:42,15th & Euclid St  NW,38.92333,-77.0352,42
221,False,1,1,1,1576171297,1,0,10,0,0,231,12/12/2019 12:29:42,8th & East Capitol St NE,38.889988,-76.995193,42
222,False,1,1,1,1576164366,0,0,15,0,0,232,12/12/2019 12:29:42,New Jersey Ave & R St NW,38.912659,-77.017669,42
223,False,1,1,1,1576171260,0,0,11,0,0,233,12/12/2019 12:29:42,15th & East Capitol St NE,38.889908,-76.983326,42
224,False,1,1,1,1576158741,0,0,15,0,0,234,12/12/2019 12:29:42,8th & F St NE,38.897274,-76.994749,42
225,False,1,1,1,1576166993,8,1,6,0,0,235,12/12/2019 12:29:42,18th St & Rhode Island Ave NE,38.927095,-76.978924,42
226,False,1,1,1,1576171633,4,0,15,0,0,236,12/12/2019 12:29:42,15th & F St NE,38.897195,-76.983575,42
227,False,1,1,1,1576158675,1,0,14,0,0,237,12/12/2019 12:29:42,12th & Irving St NE,38.928644,-76.990955,42
228,False,1,1,1,1576155760,11,0,0,0,0,239,12/12/2019 12:29:42,Alabama & MLK Ave SE,38.84322988730829,-76.99937582015991,42
229,False,1,1,1,1576158459,0,0,11,0,0,240,12/12/2019 12:29:42,Pleasant St & MLK Ave SE,38.863897,-76.990037,42
230,False,1,1,1,1576170923,1,0,14,0,0,241,12/12/2019 12:29:42,Neal St & Trinidad Ave NE,38.903732,-76.987211,42
231,False,1,1,1,1576170571,12,1,18,0,0,242,12/12/2019 12:29:42,12th & U St NW,38.916787,-77.028139,42
232,False,1,1,1,1576170421,11,0,0,0,0,243,12/12/2019 12:29:42,S George Mason & Four Mile Run Dr,38.852248,-77.105022,41
233,False,1,1,1,1576171289,2,0,13,0,0,244,12/12/2019 12:29:42,Gravelly Point,38.865029,-77.039511,41
234,False,1,1,1,1576155493,4,0,7,0,0,245,12/12/2019 12:29:42,Pershing Dr & Wayne St,38.880705,-77.08596,41
235,False,1,1,1,1576154322,0,0,10,1,0,246,12/12/2019 12:29:42,Columbia Pike & S Orme St,38.867262,-77.072315,41
236,False,1,1,1,1576171719,4,2,9,0,0,247,12/12/2019 12:29:42,3rd St & Pennsylvania Ave SE,38.887378,-77.001955,42
237,False,1,1,1,1576169213,13,0,2,0,0,248,12/12/2019 12:29:42,8th & D St NW,38.894851,-77.02324,42
238,False,1,1,1,1576164798,0,0,15,0,0,249,12/12/2019 12:29:42,3rd & Elm St NW,38.917622,-77.01597,42
239,False,1,1,1,1576168552,0,0,19,0,0,250,12/12/2019 12:29:42,Rhode Island Ave & V St NE,38.918155,-77.004746,42
240,False,1,1,1,1576171504,24,0,3,0,0,251,12/12/2019 12:29:42,Constitution Ave & 2nd St NW/DOL,38.892275,-77.013917,42
241,False,1,1,1,1576171687,28,1,2,0,0,252,12/12/2019 12:29:42,Washington & Independence Ave SW/HHS,38.886978,-77.013769,42
242,False,1,1,1,1576167453,15,0,0,0,0,253,12/12/2019 12:29:42,Independence Ave & L'Enfant Plaza SW/DOE,38.887312,-77.025762,42
243,False,1,1,1,1576168661,1,0,14,0,0,254,12/12/2019 12:29:42,Hamlin & 7th St NE,38.927497,-76.997194,42
244,False,1,1,1,1576171405,3,1,8,0,0,255,12/12/2019 12:29:42,Columbia Pike & S Walter Reed Dr,38.862478,-77.086599,41
245,False,1,1,1,1576161131,11,0,4,0,0,256,12/12/2019 12:29:42,Arlington Mill Cmty Center / Columbia Pike & S Dinwiddie St,38.856319,-77.11153,41
246,False,1,1,1,1576171672,2,0,9,0,0,257,12/12/2019 12:29:42,Pershing Dr & N George Mason Dr,38.871822,-77.107906,41
247,False,1,1,1,1576166256,10,0,5,0,0,258,12/12/2019 12:29:42,Fenton St & New York Ave ,38.985404,-77.023082,44
248,False,1,1,1,1576159190,11,0,8,0,0,259,12/12/2019 12:29:42,Bethesda Ave & Arlington Rd,38.981103,-77.097426,44
249,False,1,1,1,1576144475,10,0,1,0,0,260,12/12/2019 12:29:42,Montgomery Ave & Waverly St ,38.983838,-77.09221,44
250,False,1,1,1,1576143870,9,0,10,0,0,261,12/12/2019 12:29:42,Fallsgrove Blvd & Fallsgrove Dr,39.096312,-77.192672,43
251,False,1,1,1,1576155858,7,0,12,0,0,262,12/12/2019 12:29:42,Traville Gateway Dr & Gudelsky Dr,39.093783,-77.202501,43
252,False,1,1,1,1576170895,4,0,7,0,0,263,12/12/2019 12:29:42,Norfolk Ave & Fairmont St,38.988562,-77.096539,44
253,False,1,1,1,1576166050,6,0,9,0,0,264,12/12/2019 12:29:42,E Montgomery Ave & Maryland Ave,39.084125,-77.151291,43
254,False,1,1,1,1576143848,8,0,3,0,0,265,12/12/2019 12:29:42,Cordell & Norfolk Ave,38.98954,-77.098029,44
255,False,1,1,1,1576156542,3,0,6,0,0,266,12/12/2019 12:29:42,Frederick Ave & Horners Ln,39.094772,-77.145213,43
256,False,1,1,1,1576115290,13,0,2,0,0,267,12/12/2019 12:29:42,Philadelphia & Maple Ave,38.98128,-77.011336,44
257,False,1,1,1,1576144110,18,0,1,0,0,268,12/12/2019 12:29:42,Maple & Ritchie Ave,38.983627,-77.006311,44
258,False,1,1,1,1576171656,6,0,9,0,0,269,12/12/2019 12:29:42,Silver Spring Metro / Colesville Rd & Wayne Ave,38.99489580319022,-77.02953189611435,44
259,False,1,1,1,1576167291,2,0,9,0,0,270,12/12/2019 12:29:42,Montgomery & East Ln,38.983525,-77.095367,44
260,False,1,1,1,1576159242,3,0,16,0,0,271,12/12/2019 12:29:42,Friendship Hts Metro / Wisconsin Ave & Wisconsin Cir,38.961763,-77.085998,44
261,False,1,1,1,1576171602,2,3,10,0,0,272,12/12/2019 12:29:42,14th & Belmont St NW,38.921074,-77.031887,42
262,False,1,1,1,1576168756,18,0,1,0,0,273,12/12/2019 12:29:42,3rd & Tingey St SE,38.87501,-77.0024,42
263,False,1,1,1,1576163780,0,0,19,0,0,274,12/12/2019 12:29:42,10th & Florida Ave NW,38.920387,-77.025672,42
264,False,1,1,1,1576170690,10,0,5,0,0,275,12/12/2019 12:29:42,Potomac Ave & 8th St SE,38.876737,-76.994468,42
265,False,1,1,1,1576162903,2,0,13,0,0,276,12/12/2019 12:29:42,Crabbs Branch Way & Redland Rd,39.120045,-77.156985,43
266,False,1,1,1,1576143792,5,0,10,0,0,277,12/12/2019 12:29:42,Fallsgrove Dr & W Montgomery Ave,39.099376,-77.188014,43
267,False,1,1,1,1576165604,7,0,8,0,0,278,12/12/2019 12:29:42,Monroe St & Monroe Pl,39.083673,-77.149162,43
268,False,1,1,1,1576164795,8,0,7,0,0,279,12/12/2019 12:29:42,Needwood Rd & Eagles Head Ct,39.123513,-77.15741,43
269,False,1,1,1,1576144785,6,0,9,0,0,280,12/12/2019 12:29:42,East West Hwy & Blair Mill Rd,38.990249,-77.02935,44
270,False,1,1,1,1576163682,9,0,6,0,0,281,12/12/2019 12:29:42,Crabbs Branch Way & Calhoun Pl,39.107709,-77.152072,43
271,False,1,1,1,1576166162,2,0,13,0,0,282,12/12/2019 12:29:42,47th & Elm St,38.982456,-77.091991,44
272,False,1,1,1,1576143824,9,0,6,0,0,283,12/12/2019 12:29:42,Dennis Ave & Amherst Ave,39.02538719623632,-77.04456299543381,44
273,False,1,1,1,1576143819,2,0,19,0,0,284,12/12/2019 12:29:42,Montgomery College / W Campus Dr & Mannakee St,39.095661,-77.159048,43
274,False,1,1,1,1576157490,6,1,4,0,0,285,12/12/2019 12:29:42,Fenton St & Gist Ave,38.989724,-77.023854,44
275,False,1,1,1,1576164419,1,0,14,0,0,286,12/12/2019 12:29:42,Carroll & Westmoreland Ave,38.975,-77.01121,44
276,False,1,1,1,1576159306,0,0,15,0,0,287,12/12/2019 12:29:42,Carroll & Ethan Allen Ave,38.977933,-77.006472,44
277,False,1,1,1,1576170883,2,0,13,0,0,288,12/12/2019 12:29:42,Battery Ln & Trolley Trail,38.992375,-77.100104,44
278,False,1,1,1,1576159486,3,0,8,0,0,289,12/12/2019 12:29:42,Norfolk & Rugby Ave,38.990639,-77.100239,44
279,False,1,1,1,1576169723,2,0,9,0,0,290,12/12/2019 12:29:42,Offutt Ln & Chevy Chase Dr,38.977093,-77.094589,44
280,False,1,1,1,1576143830,7,0,8,0,0,291,12/12/2019 12:29:42,Broschart & Blackwell Rd,39.102099,-77.200322,43
281,False,1,1,1,1576170882,14,0,1,0,0,293,12/12/2019 12:29:42,Fleet St & Ritchie Pkwy,39.076331,-77.141378,43
282,False,1,1,1,1576156870,9,0,10,0,0,294,12/12/2019 12:29:42,Piccard & W Gude Dr,39.102212,-77.177091,43
283,False,1,1,1,1576163474,3,0,12,0,0,295,12/12/2019 12:29:42,Silver Spring Transit Center - Top Level,38.99403485060837,-77.03037142753601,44
284,False,1,1,1,1576170302,7,0,4,0,0,296,12/12/2019 12:29:42,Georgia Ave & Spring St,38.999388,-77.031555,44
285,False,1,1,1,1576162416,5,0,10,0,0,297,12/12/2019 12:29:42,Fenton St & Ellsworth Dr ,38.997033,-77.025608,44
286,False,1,1,1,1576144773,18,0,0,0,0,298,12/12/2019 12:29:42,King Farm Blvd & Pleasant Dr,39.114688,-77.171487,43
287,False,1,1,1,1576158673,3,0,12,0,0,299,12/12/2019 12:29:42,King Farm Blvd & Piccard Dr,39.110314,-77.182669,43
288,False,1,1,1,1576170693,17,0,2,0,0,301,12/12/2019 12:29:42,Calvert St & Woodley Pl NW,38.923583,-77.050046,42
289,False,1,1,1,1576170799,2,0,17,0,0,302,12/12/2019 12:29:42,New Jersey Ave & N St NW/Dunbar HS,38.90733256111448,-77.01536044478416,42
290,False,1,1,1,1576109437,3,1,7,0,0,303,12/12/2019 12:29:42,Nannie Helen Burroughs Ave & 49th St NE,38.898536,-76.931862,42
291,False,1,1,1,1576144464,9,0,6,0,0,304,12/12/2019 12:29:42,Deanwood Rec Center,38.908473,-76.933099,42
292,False,1,1,1,1576171548,5,0,12,0,0,305,12/12/2019 12:29:42,Hains Point/Buckeye & Ohio Dr SW,38.878433,-77.03023,42
293,False,1,1,1,1576157968,0,0,11,0,0,306,12/12/2019 12:29:42,Arlington Blvd & Fillmore St,38.873755,-77.089233,41
294,False,1,1,1,1576171047,4,0,12,0,0,307,12/12/2019 12:29:42,Eads St & 12th St S,38.862753,-77.05428,41
295,False,1,1,1,1576160520,8,0,11,0,0,308,12/12/2019 12:29:42,Old Georgetown Rd & Southwick St,38.999634,-77.109647,44
296,False,1,1,1,1576158842,12,0,7,0,0,309,12/12/2019 12:29:42,Friendship Blvd & Willard Ave,38.96115,-77.088659,44
297,False,1,1,1,1576171212,19,0,0,0,0,310,12/12/2019 12:29:42,North Capitol St & G Pl NE,38.899703,-77.008911,42
298,False,1,1,1,1576154889,6,0,5,0,0,311,12/12/2019 12:29:42,31st St & S Woodrow St,38.837666,-77.09482,41
299,False,1,1,1,1576159832,12,0,3,0,0,312,12/12/2019 12:29:42,Washington Blvd & Walter Reed Dr ,38.873219,-77.082104,41
300,False,1,1,1,1576163514,8,0,7,0,0,313,12/12/2019 12:29:42,TJ Cmty Ctr / 2nd St & S Old Glebe Rd,38.869418,-77.095596,41
301,False,1,1,1,1576170795,0,0,15,0,0,314,12/12/2019 12:29:42,Connecticut Ave & Tilden St NW,38.94113915653008,-77.061977237463,42
302,False,1,1,1,1576157369,8,0,7,0,0,315,12/12/2019 12:29:42,Medical Center Dr & Key West Ave,39.103091,-77.196442,43
303,False,1,1,1,1576157516,6,0,13,0,0,316,12/12/2019 12:29:42,Shady Grove Hospital,39.097636,-77.196636,43
304,False,1,1,1,1576171034,3,1,7,0,0,317,12/12/2019 12:29:42,Veterans Pl & Pershing Dr ,38.997445,-77.023894,44
305,False,1,1,1,1576157023,11,0,2,0,0,318,12/12/2019 12:29:42,Rockville Metro East,39.085394,-77.145803,43
306,False,1,1,1,1576170446,14,1,0,0,0,319,12/12/2019 12:29:42,1st & H St NW,38.900358,-77.012108,42
307,False,1,1,1,1576169431,17,1,1,0,0,320,12/12/2019 12:29:42,Fort Totten Metro,38.952369,-77.002721,42
308,False,1,1,1,1576166534,13,0,6,0,0,321,12/12/2019 12:29:42,Takoma Metro,38.975219,-77.016855,42
309,False,1,1,1,1576164913,10,0,9,0,0,322,12/12/2019 12:29:42,Rhode Island Ave Metro,38.920682,-76.995876,42
310,False,1,1,1,1576163217,3,0,8,0,0,323,12/12/2019 12:29:42,Rolfe St & 9th St S,38.866471,-77.076131,41
311,False,1,1,1,1576144145,8,0,7,0,0,324,12/12/2019 12:29:42,Shirlington Transit Center / Quincy St & Randolph St,38.839912,-77.087083,41
312,False,1,1,1,1576158207,8,0,11,0,0,325,12/12/2019 12:29:42,Shady Grove Metro West,39.119765,-77.166093,43
313,False,1,1,1,1576171383,18,0,1,0,0,326,12/12/2019 12:29:42,River Rd & Landy Ln,38.964992,-77.103381,44
314,False,1,1,1,1576144082,7,0,12,0,0,327,12/12/2019 12:29:42,Rockville Metro West,39.084379,-77.146866,43
315,False,1,1,1,1576168794,0,0,12,0,0,328,12/12/2019 12:29:42,Bethesda Metro / Wisconsin Ave & Old Georgetown Rd,38.984691,-77.094537,44
316,False,1,1,1,1576167041,3,0,16,0,0,329,12/12/2019 12:29:42,Iwo Jima Memorial / Meade & 14th St N,38.88992,-77.071301,41
317,False,1,1,1,1576154572,7,2,10,0,0,330,12/12/2019 12:29:42,34th & Water St NW,38.903662690050474,-77.0676684380669,42
318,False,1,1,1,1576164581,4,0,11,0,0,331,12/12/2019 12:29:42,Duke St & John Carlyle St,38.804378,-77.060866,40
319,False,1,1,1,1576164216,1,0,14,0,0,332,12/12/2019 12:29:42,Lee Hwy & N Cleveland St,38.894941,-77.09169,41
320,False,1,1,1,1576169435,4,0,11,0,0,333,12/12/2019 12:29:42,Arlington Blvd & S George Mason Dr,38.869442,-77.104503,41
321,False,1,1,1,1576169651,19,1,3,0,0,334,12/12/2019 12:29:42,10th & G St NW,38.89824328774852,-77.02623546123505,42
322,False,1,1,1,1576169909,1,1,12,1,0,335,12/12/2019 12:29:42,Lee Hwy & N Scott St,38.897612,-77.080851,41
323,False,1,1,1,1576171750,18,0,1,0,0,336,12/12/2019 12:29:42,New Hampshire Ave & 24th St NW,38.901755,-77.051084,42
324,False,1,1,1,1576163362,3,0,12,0,0,337,12/12/2019 12:29:42,Eisenhower Ave & Mill Race Ln,38.801111,-77.068952,40
325,False,1,1,1,1576157260,8,0,3,0,0,338,12/12/2019 12:29:42,Potomac Greens Dr & Slaters Ln,38.82175,-77.047494,40
326,False,1,1,1,1576171590,16,0,3,0,0,339,12/12/2019 12:29:42,Ballenger Ave & Dulaney St,38.802677,-77.063562,40
327,False,1,1,1,1576156221,0,1,10,0,0,340,12/12/2019 12:29:42,Mount Vernon Ave & E Nelson Ave,38.820064,-77.057619,40
328,False,1,1,1,1576157023,11,0,4,0,0,341,12/12/2019 12:29:42,Mount Vernon Ave & E Del Ray Ave,38.82595,-77.058541,40
329,True,1,1,1,1576160957,8,0,7,0,0,342,12/12/2019 12:29:42,Monroe Ave & Leslie Ave,38.820932,-77.053096,40
330,False,1,1,1,1576168494,9,0,6,0,0,343,12/12/2019 12:29:42,Mount Vernon Ave & Kennedy St,38.833077,-77.059821,40
331,True,1,1,1,1576169393,2,0,19,0,0,344,12/12/2019 12:29:42,Court House Metro / 15th St & N Uhle St,38.890612,-77.084801,41
332,False,1,1,1,1576144499,13,0,2,0,0,345,12/12/2019 12:29:42,WAU / Flower Ave & Division St,38.986743,-77.000035,44
333,False,1,1,1,1576171394,7,0,8,0,0,346,12/12/2019 12:29:42,Long Bridge Park / Long Bridge Dr & 6th St S,38.865553,-77.05003,41
334,False,1,1,1,1576159780,3,0,16,0,0,347,12/12/2019 12:29:42,Connecticut Ave & McKinley St NW,38.96454350924588,-77.07513481378555,42
335,False,1,1,1,1576169890,18,0,5,0,0,348,12/12/2019 12:29:42,15th & L St NW,38.90366,-77.034846,42
336,False,1,1,1,1576170664,20,0,11,0,0,349,12/12/2019 12:29:42,17th & G St NW,38.89829964921176,-77.03973233699799,42
337,False,1,1,1,1576144132,12,0,3,0,0,350,12/12/2019 12:29:42,Spring St & 2nd Ave,38.997653,-77.034499,44
338,False,1,1,1,1576170282,11,1,7,0,0,351,12/12/2019 12:29:42,18th & R St NW,38.912648,-77.041834,42
339,False,1,1,1,1576160413,5,1,9,0,0,352,12/12/2019 12:29:42,Joyce St & 16th St S,38.859254,-77.063275,41
340,False,1,1,1,1576171223,19,0,4,0,0,353,12/12/2019 12:29:42,Union Market,38.907908,-76.99707,42
341,False,1,1,1,1576159031,8,0,7,0,0,354,12/12/2019 12:29:42,Lee Hwy & N Monroe St,38.896456,-77.104562,41
342,False,1,1,1,1576154848,3,0,12,0,0,355,12/12/2019 12:29:42,21st St & N Pierce St,38.898984,-77.078317,41
343,False,1,1,1,1576144779,8,0,7,0,0,356,12/12/2019 12:29:42,Lee Hwy & N Kirkwood Rd,38.895377,-77.09713,41
344,False,1,1,1,1576167200,21,1,1,0,0,357,12/12/2019 12:29:42,19th & G St NW,38.898412,-77.043182,42
345,False,1,1,1,1576160327,0,0,19,0,0,358,12/12/2019 12:29:42,2nd St & Seaton Pl NE,38.914751108831155,-77.00356006622314,42
346,False,1,1,1,1576170633,8,0,6,1,0,359,12/12/2019 12:29:42,Wilson Blvd & N Illinois St ,38.876528,-77.12712,41
347,False,1,1,1,1576144493,1,0,10,0,0,364,12/12/2019 12:29:42,Army Navy Dr & S Nash St,38.86215024521491,-77.06812083721161,41
348,False,1,1,1,1576170764,18,1,0,0,0,365,12/12/2019 12:29:42,31st & Water St NW,38.902814,-77.061043,42
349,False,1,1,1,1576171503,4,0,19,0,0,367,12/12/2019 12:29:42,11th & S St NW,38.913761,-77.027025,42
350,False,1,1,1,1576165851,0,0,15,0,0,368,12/12/2019 12:29:42,Walter Reed Dr & 8th St S,38.86612,-77.08787,41
351,False,1,1,1,1576170337,9,0,14,0,0,369,12/12/2019 12:29:42,2nd & G St NE,38.89967,-77.003666,42
352,False,1,1,1,1576171379,4,1,14,0,0,370,12/12/2019 12:29:42,8th & O St NW,38.90864,-77.02277,42
353,False,1,1,1,1576160458,14,0,5,0,0,371,12/12/2019 12:29:42,Georgia & Missouri Ave NW,38.961339,-77.027855,42
354,False,1,1,1,1576158157,17,0,2,0,0,373,12/12/2019 12:29:42,Oklahoma Ave & D St NE,38.894474,-76.974828,42
355,False,1,1,1,1576168340,1,0,18,0,0,374,12/12/2019 12:29:42,Maryland Ave & E St NE,38.896134,-76.9929,42
356,False,1,1,1,1576171704,20,0,3,0,0,375,12/12/2019 12:29:42,New York Ave & Hecht Ave NE,38.915604,-76.983683,42
357,False,1,1,1,1576169989,7,0,12,0,0,376,12/12/2019 12:29:42,Yuma St & Tenley Circle NW,38.946182,-77.08059,42
358,False,1,1,1,1576157103,7,0,8,0,0,378,12/12/2019 12:29:42,Key West Ave & Siesta Key Way,39.105295,-77.194774,43
359,False,1,1,1,1576157364,6,0,13,0,0,379,12/12/2019 12:29:42,Lee Hwy & N Woodstock St,38.898301,-77.118009,41
360,False,1,1,1,1576165848,15,0,0,0,0,380,12/12/2019 12:29:42,Saint Asaph St & Madison St,38.812718,-77.044097,40
361,False,1,1,1,1576167196,12,1,2,0,0,381,12/12/2019 12:29:42,King St Metro North / Cameron St,38.80704,-77.059817,40
362,False,1,1,1,1576154119,8,0,7,0,0,382,12/12/2019 12:29:42,Madison St & N Henry St,38.813485,-77.049468,40
363,False,1,1,1,1576171277,12,1,6,0,0,383,12/12/2019 12:29:42,Medical Center Metro ,38.999378,-77.097882,44
364,False,1,1,1,1576169345,2,0,9,0,0,384,12/12/2019 12:29:42,Washington Blvd & N Frederick St,38.884829,-77.127671,41
365,False,1,1,1,1576170759,0,0,19,0,0,385,12/12/2019 12:29:42,Wisconsin Ave & Ingomar St NW,38.958267,-77.084636,42
366,False,1,1,1,1576170341,2,0,17,0,0,386,12/12/2019 12:29:42,16th & Irving St NW,38.928893,-77.03625,42
367,False,1,1,1,1576170244,1,0,18,0,0,387,12/12/2019 12:29:42,16th & R St NW,38.912652,-77.036278,42
368,False,1,1,1,1576144181,5,0,10,0,0,388,12/12/2019 12:29:42,Lyttonsville Rd & Lyttonsville Pl,38.999679,-77.051168,44
369,False,1,1,1,1576171561,7,0,4,0,0,389,12/12/2019 12:29:42,Woodmont Ave & Strathmore St,38.979875,-77.093522,44
370,False,1,1,1,1576164528,19,0,0,0,0,390,12/12/2019 12:29:42,14th & L St NW,38.903658,-77.031737,42
371,False,1,1,1,1576171229,2,4,9,0,0,391,12/12/2019 12:29:42,1st & O St NW,38.908643,-77.012365,42
372,False,1,1,1,1576144408,6,0,13,0,0,392,12/12/2019 12:29:42,South Capitol & Atlantic St SW,38.831516,-77.008133,42
373,False,1,1,1,1576170553,18,0,1,0,0,393,12/12/2019 12:29:42,18th & C St NW,38.893511,-77.041544,42
374,False,1,1,1,1576169308,7,0,12,0,0,394,12/12/2019 12:29:42,22nd & P ST NW,38.909394,-77.048728,42
375,False,1,1,1,1576169045,3,0,16,0,0,395,12/12/2019 12:29:42,East West Hwy & 16th St,38.995681,-77.038721,44
376,False,1,1,1,1576164421,9,0,6,0,0,396,12/12/2019 12:29:42,Royal St & Wilkes St,38.799267,-77.0447,40
377,False,1,1,1,1576165984,0,0,23,0,0,397,12/12/2019 12:29:42,14th & Girard St NW,38.925284,-77.032375,42
378,True,1,1,1,1576162485,15,0,4,0,0,398,12/12/2019 12:29:42,Potomac Ave & Main Line Blvd,38.822738,-77.049265,40
379,False,1,1,1,1576171419,5,0,14,0,0,399,12/12/2019 12:29:42,11th & O St NW,38.90843,-77.02714,42
380,False,1,1,1,1576165468,10,1,12,0,0,400,12/12/2019 12:29:42,10th St & L'Enfant Plaza SW,38.88432272414662,-77.02601015567778,42
381,False,1,1,1,1576170463,4,0,15,0,0,401,12/12/2019 12:29:42,Connecticut Ave & Yuma St NW,38.947156,-77.065115,42
382,False,1,1,1,1576166670,11,0,12,0,0,402,12/12/2019 12:29:42,2nd St & Massachusetts Ave NE,38.894972,-77.003135,42
383,True,1,1,1,1576144431,8,0,15,0,0,403,12/12/2019 12:29:42,Radford St & Osage St,38.828437,-77.086031,40
384,False,1,1,1,1576167870,10,0,9,0,0,404,12/12/2019 12:29:42,East Falls Church Metro / Sycamore St & 19th St N,38.88532071975074,-77.15642720460892,41
385,False,1,1,1,1576159247,4,0,11,0,0,405,12/12/2019 12:29:42,Kennebec St & 11th St N,38.880992,-77.135271,41
386,True,1,1,1,1576155896,3,0,16,0,0,406,12/12/2019 12:29:42,Commonwealth Ave & Oak St,38.812711,-77.061715,40
387,True,1,1,1,1576156519,7,0,8,0,0,407,12/12/2019 12:29:42,Commonwealth Ave & E Monroe Ave,38.82005823354218,-77.06282079219818,40
388,False,1,1,1,1576170800,25,0,6,0,0,408,12/12/2019 12:29:42,4th St & Madison Dr NW,38.890493,-77.017253,42
389,False,1,1,1,1576165946,10,1,8,0,0,409,12/12/2019 12:29:42,Henry Bacon Dr & Lincoln Memorial Circle NW,38.890544,-77.049379,42
390,False,1,1,1,1576164453,16,1,2,0,0,410,12/12/2019 12:29:42,17th St & Independence Ave SW,38.888097,-77.038325,42
391,True,1,1,1,1576165031,10,0,9,0,0,411,12/12/2019 12:29:42,Franklin St & S Washington St,38.798133,-77.0487,40
392,False,1,1,1,1576157128,8,0,7,0,0,412,12/12/2019 12:29:42,Mount Vernon Ave & Four Mile Run Park,38.843422,-77.064016,40
393,False,1,1,1,1576168758,0,0,23,0,0,413,12/12/2019 12:29:42,4th St & K St NW,38.90240556584194,-77.01600551605225,42
394,True,1,1,1,1576169185,8,0,7,0,0,414,12/12/2019 12:29:42,Mount Vernon Ave & Bruce St,38.841291,-77.063093,40
395,True,1,1,1,1576170059,0,0,15,0,0,415,12/12/2019 12:29:42,Lee Center,38.797557,-77.053766,40
396,True,1,1,1,1576156850,0,0,15,0,0,416,12/12/2019 12:29:42,Powhatan St & Bashford Ln,38.818748,-77.047783,40
397,True,1,1,1,1576171314,9,1,9,0,0,417,12/12/2019 12:29:42,Potomac Ave & Swann Ave,38.829545,-77.047844,40
398,False,1,1,1,1576170913,17,0,13,0,0,418,12/12/2019 12:29:42,14th & Irving St NW,38.928552,-77.032224,42
399,False,1,1,1,1576169476,23,1,1,0,0,419,12/12/2019 12:29:42,Vermont Ave & I St NW,38.901136451737045,-77.03445106744766,42
400,False,1,1,1,1576158813,3,0,22,0,0,420,12/12/2019 12:29:42,Wisconsin Ave & Brandywine St NW,38.949813,-77.080217,42
401,False,1,1,1,1576158686,0,0,19,0,0,421,12/12/2019 12:29:42,24th & R St NE / National Arboretum,38.91263,-76.971923,42
402,False,1,1,1,1576144788,9,0,5,1,0,422,12/12/2019 12:29:42,Division Ave & Foote St NE,38.897407,-76.925907,42
403,False,1,1,1,1576154695,0,0,23,0,0,423,12/12/2019 12:29:42,16th & Q St SE / Anacostia HS,38.870695,-76.982359,42
404,True,1,1,1,1576162032,0,0,15,0,0,424,12/12/2019 12:29:42,Spring Hill Metro,38.929261,-77.240654,104
405,True,1,1,1,1576118099,2,0,9,0,0,425,12/12/2019 12:29:42,Westpark Dr & Leesburg Pike,38.92403,-77.235955,104
406,True,1,1,1,1576162271,7,0,4,0,0,427,12/12/2019 12:29:42,Tysons One Pl & Chain Bridge Rd,38.919475,-77.221179,104
407,True,1,1,1,1576161396,0,0,11,0,0,428,12/12/2019 12:29:42,Tysons Corner Station,38.920939,-77.222115,104
408,False,1,1,1,1576161542,11,0,0,0,0,429,12/12/2019 12:29:42,Westpark & Jones Branch Dr,38.924437,-77.217664,104
409,True,1,1,1,1576158487,10,1,1,0,0,430,12/12/2019 12:29:42,Jones Branch & Westbranch Dr,38.931911,-77.219261,104
410,True,1,1,1,1576144448,6,0,5,0,0,431,12/12/2019 12:29:42,Westpark & Park Run Dr,38.928919,-77.225394,104
411,True,1,1,1,1576144789,7,1,3,0,0,432,12/12/2019 12:29:42,Tysons West Transit Center,38.932636,-77.231825,104
412,True,1,1,1,1576058293,5,1,5,0,0,433,12/12/2019 12:29:42,North Shore & Cameron Crescent Dr/Crescent Apartments,38.970046,-77.338686,104
413,True,1,1,1,1576144753,10,0,5,0,0,434,12/12/2019 12:29:42,Town Center Pkwy & Bowman Towne Dr,38.962524,-77.361902,104
414,True,1,1,1,1576144770,5,0,9,0,0,435,12/12/2019 12:29:42,Reston Regional Library,38.962095,-77.358815,104
415,True,1,1,1,1576144762,4,0,11,0,0,436,12/12/2019 12:29:42,New Dominion Pkwy & Fountain Dr,38.960574,-77.356324,104
416,True,1,1,1,1576167314,9,0,6,0,0,437,12/12/2019 12:29:42,Sunset Hills & Old Reston Ave,38.955079,-77.351649,104
417,True,1,1,1,1576160431,3,0,14,0,0,438,12/12/2019 12:29:42,Reston Town Center Transit Station,38.957037,-77.359718,104
418,False,1,1,1,1576168681,17,0,2,0,0,439,12/12/2019 12:29:42,1st & D St SE,38.884916,-77.005965,42
419,True,1,1,1,1576159794,4,0,15,0,0,440,12/12/2019 12:29:42,Wiehle Ave & Reston Station Blvd,38.9492,-77.3368,104
420,True,1,1,1,1576144497,7,0,12,0,0,441,12/12/2019 12:29:42,Library St & Freedom Dr,38.959633,-77.358741,104
421,True,1,1,1,1576157700,7,0,8,0,0,442,12/12/2019 12:29:42,Sunset Hills Rd & Discovery Square,38.95534,-77.357611,104
422,False,1,1,1,1576170623,20,0,3,0,0,443,12/12/2019 12:29:42,22nd St & Constitution Ave NW,38.892441,-77.048947,42
423,False,1,1,1,1576144734,10,0,9,0,0,444,12/12/2019 12:29:42,61st St & Banks Pl NE,38.891805,-76.913563,42
424,True,1,1,1,1576156156,0,0,15,0,0,445,12/12/2019 12:29:42,Temporary Rd & Old Reston Ave,38.960084,-77.353414,104
425,True,1,1,1,1576084604,11,1,3,0,0,446,12/12/2019 12:29:42,Reston YMCA,38.955314,-77.368416,104
426,True,1,1,1,1576157373,6,0,5,0,0,447,12/12/2019 12:29:42,Sunset Hills Rd & Isaac Newton Square,38.951443,-77.340377,104
427,False,1,1,1,1576163498,7,0,8,0,0,448,12/12/2019 12:29:42,N Lynn St & Fairfax Dr,38.89386,-77.070862,41
428,False,1,1,1,1576144710,6,0,9,0,0,449,12/12/2019 12:29:42,Georgia Ave & Piney Branch Rd NW,38.967505,-77.027976,42
429,True,1,1,1,1576144771,7,1,3,0,0,450,12/12/2019 12:29:42,Greensboro & International Dr,38.923083,-77.227417,104
430,False,1,1,1,1576170868,13,0,2,0,0,451,12/12/2019 12:29:42,Madison St & Fairfax St,38.812351,-77.040691,40
431,False,1,1,1,1576142890,2,0,13,0,0,452,12/12/2019 12:29:42,Sligo Ave & Carroll Ln,38.990874,-77.016311,44
432,False,1,1,1,1576168413,1,0,18,0,0,453,12/12/2019 12:29:42,15th & W St NW,38.919086,-77.034502,42
433,False,1,1,1,1576170982,6,0,13,0,0,454,12/12/2019 12:29:42,12th St & Pennsylvania Ave SE,38.882489,-76.990121,42
434,False,1,1,1,1576169129,12,0,3,0,0,455,12/12/2019 12:29:42,3rd St & Riggs Rd NE,38.957463,-77.002239,42
435,False,1,1,1,1576165208,8,0,7,0,0,456,12/12/2019 12:29:42,Carlin Springs Rd & N Thomas St,38.876695,-77.112982,41
436,True,1,1,1,1576162945,4,0,7,0,0,457,12/12/2019 12:29:42,Towers Crescent Dr & Tysons One Pl,38.915246,-77.220157,104
437,False,1,1,1,1576169299,12,1,6,0,0,458,12/12/2019 12:29:42,6th & K St NE,38.90235129497938,-76.99838876724243,42
438,False,1,1,1,1576144430,5,0,10,0,0,459,12/12/2019 12:29:42,Pooks Hill Rd & Linden Ave,39.014716,-77.107143,44
439,True,1,1,1,1576144436,6,0,9,0,0,460,12/12/2019 12:29:42,Takoma Park Rec Center,38.98265,-76.988311,44
440,True,1,1,1,1576144404,7,0,8,0,0,461,12/12/2019 12:29:42,New Hampshire & Kirklynn Ave,38.988101,-76.988422,44
441,True,1,1,1,1576152930,8,0,3,0,0,462,12/12/2019 12:29:42,Wheaton Metro / Georgia Ave & Reedie Dr,39.038341,-77.051023,44
442,True,1,1,1,1576144432,9,0,6,0,0,463,12/12/2019 12:29:42,Amherst Ave & Elkins St,39.044887,-77.047788,44
443,True,1,1,1,1576144764,8,0,7,0,0,464,12/12/2019 12:29:42,Amherst Ave & Prichard Rd,39.035965,-77.048395,44
444,True,1,1,1,1576152789,0,0,15,0,0,465,12/12/2019 12:29:42,Grandview & Blueridge Ave,39.043272,-77.053085,44
445,True,1,1,1,1576058290,5,1,9,0,0,466,12/12/2019 12:29:42,Windham Ln & Amherst Ave,39.032029,-77.04735,44
446,True,1,1,1,1576144425,4,0,7,0,0,467,12/12/2019 12:29:42,North Shore Dr & Village Rd,38.970412,-77.340787,104
447,True,1,1,1,1576103425,8,0,3,0,0,468,12/12/2019 12:29:42,Town Center Pkwy & Sunset Hills Rd,38.955170598044894,-77.3630940914154,104
448,False,1,1,1,1576161190,1,0,18,0,0,469,12/12/2019 12:29:42,3rd & Underwood St NW,38.968834,-77.016258,42
449,False,1,1,1,1576152571,9,0,10,0,0,470,12/12/2019 12:29:42,18th & Monroe St NE,38.93293,-76.979517,42
450,False,1,1,1,1576163276,15,2,2,0,0,471,12/12/2019 12:29:42,7th & E St SW,38.88345,-77.021741,42
451,True,1,1,1,1576170516,10,1,8,0,0,472,12/12/2019 12:29:42,Shady Grove Metro East,39.121327,-77.164969,43
452,False,1,1,1,1576171586,8,1,10,0,0,473,12/12/2019 12:29:42,Potomac & M St NW,38.905368,-77.065149,42
453,False,1,1,1,1576171196,9,0,14,0,0,474,12/12/2019 12:29:42,Columbia & Ontario Rd NW,38.924088,-77.040787,42
454,False,1,1,1,1576164572,7,0,8,0,0,475,12/12/2019 12:29:42,Washington-Liberty High School / N Stafford St & Generals Way,38.888282,-77.111066,41
455,False,1,1,1,1576164653,6,0,9,0,0,476,12/12/2019 12:29:42,Westover Library / Washington Blvd & N McKinley Rd,38.886048,-77.142317,41
456,False,1,1,1,1576142080,9,0,6,0,0,477,12/12/2019 12:29:42,Columbia Pike & S Taylor St,38.858524,-77.103728,41
457,True,1,1,1,1576170775,1,0,10,0,0,478,12/12/2019 12:29:42,Columbus Ave & Tribeca St,39.126,-77.1673,43
458,True,1,1,1,1576151148,0,0,11,0,0,479,12/12/2019 12:29:42,Columbus Ave & Gramercy Blvd,39.12333,-77.16486,43
459,True,1,1,1,1576144401,5,0,10,0,0,480,12/12/2019 12:29:42,Reston Pkwy & Spectrum Dr,38.964207741006206,-77.35428035259247,104
460,True,1,1,1,1576144746,6,0,5,0,0,481,12/12/2019 12:29:42,Key West Ave & Great Seneca Hwy,39.105642,-77.20386,43
461,False,1,1,1,1576168418,16,0,3,0,0,482,12/12/2019 12:29:42,Virginia Ave & 25th St NW,38.8995,-77.054155,42
462,True,1,1,1,1576171308,6,0,13,0,0,483,12/12/2019 12:29:42,15th & M St NW,38.905424,-77.034674,42
463,True,1,1,1,1576169783,5,0,14,0,0,484,12/12/2019 12:29:42,11th & Girard St NW,38.925636,-77.027112,42
464,True,1,1,1,1576171618,17,0,2,0,0,485,12/12/2019 12:29:42,Connecticut Ave & R St NW,38.912644,-77.04564,42
465,False,1,1,1,1576142634,7,0,8,0,0,486,12/12/2019 12:29:42,Wilson Blvd & N Troy St,38.892556,-77.082089,41
466,True,1,1,1,1576168947,0,2,17,0,0,487,12/12/2019 12:29:42,American University East Campus,38.936298,-77.087128,42
467,True,1,1,1,1576171760,18,1,0,0,0,488,12/12/2019 12:29:42,15th St & Constitution Ave NW,38.892244,-77.033234,42
468,True,1,1,1,1576171581,10,2,5,0,0,489,12/12/2019 12:29:42,22nd & H St NW,38.899104,-77.048946,42
469,True,1,1,1,1576169785,8,0,11,0,0,490,12/12/2019 12:29:42,23rd & M St NW,38.905303,-77.050264,42
470,True,1,1,1,1576144469,2,0,13,0,0,491,12/12/2019 12:29:42,Corporate Blvd & Omega Dr,39.106971,-77.192645,43
471,True,1,1,1,1576153616,2,0,9,0,0,492,12/12/2019 12:29:42,Key West Ave & Diamondback Dr,39.106152,-77.202354,43
472,True,1,1,1,1576144474,0,0,19,0,0,493,12/12/2019 12:29:42,Alabama Ave & Stanton Rd SE / Shops at Park Village,38.84627,-76.98185,42
473,True,1,1,1,1576144440,6,0,13,0,0,494,12/12/2019 12:29:42,Mississippi Ave & 19th St SE / THEARC,38.84377,-76.97557,42
474,True,1,1,1,1576058338,7,0,4,0,0,495,12/12/2019 12:29:42,19th & Savannah St SE,38.84623,-76.97703,42
475,True,1,1,1,1576171032,17,0,1,1,0,496,12/12/2019 12:29:42,4th St & Mississippi Ave SE,38.836,-77.0009,42
476,True,1,1,1,1576144384,11,0,8,0,0,497,12/12/2019 12:29:42,1st & S Capitol St SE / Oxon Run Trail,38.824481,-77.005497,42
477,True,1,1,1,1576144464,8,0,7,0,0,498,12/12/2019 12:29:42,Livingston Rd & 3rd St SE,38.82373,-77.00223,42
478,True,1,1,1,1576145037,7,1,11,0,0,499,12/12/2019 12:29:42,Joliet St & MLK Ave SW/Bald Eagle Rec Ctr,38.81909,-77.01033,42
479,True,1,1,1,1576058301,4,0,11,0,0,500,12/12/2019 12:29:42,37th & Ely Pl SE,38.883011,-76.949709,42
480,True,1,1,1,1576169801,9,2,8,0,0,501,12/12/2019 12:29:42,15th St & Pennsylvania Ave NW,38.89635,-77.03338,42
481,True,1,1,1,1576166908,7,0,8,0,0,505,12/12/2019 12:29:42,Maine Ave & 9th St SW,38.88044,-77.025236,42
482,True,1,1,1,1576169936,1,0,18,0,0,506,12/12/2019 12:29:42,Lincoln Rd & Seaton Pl NE/Harry Thomas Rec Center,38.915,-77.0078,42
483,True,1,1,1,1576144722,10,0,5,0,0,507,12/12/2019 12:29:42,Blueridge Ave & Elkin St,39.04313,-77.05006,44
484,False,1,1,1,1576168815,0,1,18,0,0,508,12/12/2019 12:29:42,Georgia Ave & Kennedy St NW,38.95674,-77.02791,42
485,False,1,1,1,1576170903,5,1,13,0,0,509,12/12/2019 12:29:42,7th St & Massachusetts Ave NE,38.89222,-76.99602,42
486,False,1,1,1,1576142683,9,0,10,0,0,510,12/12/2019 12:29:42,Anacostia Park,38.87335,-76.9834,42
487,True,1,1,1,1576156227,3,0,11,0,0,511,12/12/2019 12:29:42,Twinbrook Metro,39.062041,-77.120776,43
488,True,1,1,1,1576168771,7,0,18,0,0,512,12/12/2019 12:29:42,White Flint Metro,39.04753,-77.11287,43
489,True,1,1,1,1576123491,6,1,8,0,0,513,12/12/2019 12:29:42,Citadel Ave & McGrath Blvd,39.049,-77.10933,43
490,True,1,1,1,1576066004,8,0,7,0,0,514,12/12/2019 12:29:42,Rockville Pike & Old Georgetown Rd,39.049765,-77.11368,43
491,True,1,1,1,1576170832,13,0,3,0,0,515,12/12/2019 12:29:42,Woodglen Dr & Executive Blvd,39.04317,-77.1135,43
492,True,1,1,1,1576159567,11,1,3,0,0,516,12/12/2019 12:29:42,Executive Blvd & E Jefferson St,39.04873,-77.1257,43
493,True,1,1,1,1576156561,11,0,4,0,0,517,12/12/2019 12:29:42,Fishers Ln & Rock Creek Mill Rd,39.0629,-77.113454,43
494,True,1,1,1,1576169812,11,0,4,0,0,518,12/12/2019 12:29:42,Congressional Ln & E Jefferson St,39.06219,-77.129235,43
495,True,1,1,1,1576107180,7,0,8,0,0,519,12/12/2019 12:29:42,Garland Ave & Walden Rd,39.00048,-77.00077,44
496,True,1,1,1,1576144458,4,0,9,0,0,520,12/12/2019 12:29:42,Greensboro & Pinnacle Dr,38.92245,-77.23034,104
497,True,1,1,1,1576144800,9,0,6,0,0,521,12/12/2019 12:29:42,1301 McCormick Dr / Wayne K. Curry Admin Bldg,38.908391,-76.843263,133
498,True,1,1,1,1576118719,6,0,11,0,0,522,12/12/2019 12:29:42,Largo Town Center Metro,38.899811,-76.844604,133
499,True,1,1,1,1576118886,6,0,10,1,0,523,12/12/2019 12:29:42,Baltimore Ave & Van Buren St / Riverdale Park Station,38.969581,-76.937349,133
500,True,1,1,1,1576112270,8,0,7,0,0,524,12/12/2019 12:29:42,Baltimore Ave & Jefferson St,38.95548,-76.940133,133
501,True,1,1,1,1576167870,8,0,7,0,0,525,12/12/2019 12:29:42,Perry & 35th St,38.936213,-76.960054,133
502,True,1,1,1,1576144756,7,0,8,0,0,526,12/12/2019 12:29:42,Rockville Pike & Meeting St,39.050539,-77.115212,43
503,True,1,1,1,1576166226,15,2,6,0,0,527,12/12/2019 12:29:42,Potomac Ave & Half St SW,38.870201045557025,-77.01083689928055,42
504,False,1,1,1,1576168446,6,0,5,0,0,529,12/12/2019 12:29:42,Crystal Dr & Potomac Ave,38.848304,-77.05122,41
505,True,1,1,1,1576144771,8,0,7,0,0,530,12/12/2019 12:29:42,Largo Rd & Campus Way / Prince Georges's Comm Col,38.88994,-76.825535,133
506,True,1,1,1,1576158209,3,0,16,0,0,531,12/12/2019 12:29:42,Stanton Square SE,38.855004,-76.984512,42
507,True,1,1,1,1576169554,9,1,9,0,0,532,12/12/2019 12:29:42,14th & Newton St NW,38.931991,-77.032956,42
508,True,1,1,1,1576155209,4,1,14,0,0,533,12/12/2019 12:29:42,48th Pl & MacArthur Blvd NW,38.917304,-77.09629,42
509,True,1,1,1,1576154224,8,0,11,0,0,534,12/12/2019 12:29:42,14th & Luzon St NW,38.969489,-77.033509,42
510,False,1,1,1,1576171326,17,1,1,0,0,535,12/12/2019 12:29:42,1st & M St SE,38.876893,-77.006072,42
511,True,1,1,1,1576144758,6,0,9,0,0,536,12/12/2019 12:29:42,Fleet St & Waterfront St,38.782633,-77.016059,133
512,True,1,1,1,1576144711,2,0,13,0,0,537,12/12/2019 12:29:42,Oxon Hill Park & Ride,38.798749,-77.00103,133
513,True,1,1,1,1576171074,12,1,6,0,0,538,12/12/2019 12:29:42,11th & Park Rd NW,38.93194154348121,-77.02835708856583,42
514,True,1,1,1,1576171289,13,0,6,0,0,539,12/12/2019 12:29:42,4th & M St SE,38.876751,-77.000736,42
515,True,1,1,1,1576160139,3,0,16,0,0,540,12/12/2019 12:29:42,Kansas Ave & Sherman Cr NW,38.948057,-77.021467,42
516,True,1,1,1,1576144795,6,0,5,0,0,541,12/12/2019 12:29:42,Campus Commons,38.944707,-77.335425,104
517,True,1,1,1,1576161045,1,0,10,0,0,542,12/12/2019 12:29:42,Park Run & Onyx Dr,38.92755,-77.226644,104
518,True,1,1,1,1576169657,16,1,2,0,0,543,12/12/2019 12:29:42,7th & K St NW,38.902674,-77.021392,42
519,False,1,1,1,1576169100,8,2,9,0,0,544,12/12/2019 12:29:42,King Greenleaf Rec Center,38.876211,-77.012443,42
520,True,1,1,1,1576164654,3,1,15,0,0,545,12/12/2019 12:29:42,Montello Ave & Holbrook Terr NE,38.907444,-76.986813,42
521,False,1,1,1,1576168076,26,1,6,0,0,546,12/12/2019 12:29:42,New Jersey Ave & F St NW,38.897108,-77.011616,42
522,True,1,1,1,1576169671,6,0,13,0,0,547,12/12/2019 12:29:42,Maryland Ave & 17th St NE,38.901935,-76.978627,42
523,True,1,1,1,1576171460,0,1,18,0,0,548,12/12/2019 12:29:42,Massachusetts Ave & 6th St NE,38.892934,-76.998273,42
524,False,1,1,1,1576168448,6,0,17,0,0,549,12/12/2019 12:29:42,Woodley Park Metro / Calvert St & Connecticut Ave NW,38.923389,-77.051833,42
525,True,1,1,1,1576144746,10,0,9,0,0,550,12/12/2019 12:29:42,McLean Metro,38.92400207520182,-77.20812678337097,104
526,True,1,1,1,1576167922,1,0,18,0,0,551,12/12/2019 12:29:42,Trinidad Rec Center,38.906299,-76.983221,42
527,True,1,1,1,1576162754,6,0,13,0,0,552,12/12/2019 12:29:42,Rosedale Rec Center,38.897808,-76.979634,42
528,True,1,1,1,1576167563,1,1,17,0,0,553,12/12/2019 12:29:42,11th & C St SE,38.885908,-76.991476,42
529,True,1,1,1,1576157647,0,0,19,0,0,554,12/12/2019 12:29:42,New Hampshire & Gallatin St NW,38.951596,-77.012808,42
530,True,1,1,1,1576058292,8,0,11,0,0,555,12/12/2019 12:29:42,United Medical Center,38.835737,-76.983144,42
531,False,1,1,1,1576170823,16,1,2,0,0,556,12/12/2019 12:29:42,18th & New Hampshire Ave NW,38.911268,-77.041829,42
532,True,1,1,1,1576160780,2,0,17,0,0,560,12/12/2019 12:29:42,Dunn Loring Metro,38.8828,-77.2283,104
533,True,1,1,1,1576144745,7,0,8,0,0,561,12/12/2019 12:29:42,Oglethorpe St & 42nd Ave,38.959361,-76.946361,133
534,True,1,1,1,1576058339,5,0,10,0,0,562,12/12/2019 12:29:42,Southern Ave Metro,38.840107,-76.9753,133
535,True,1,1,1,1576165887,12,0,3,0,0,563,12/12/2019 12:29:42,Queens Chapel & Hamilton St,38.9546,-76.9595,133
536,True,1,1,1,1576144738,4,0,11,0,0,564,12/12/2019 12:29:42,Northwestern High School,38.975505,-76.952199,133
537,True,1,1,1,1576144731,7,0,8,0,0,565,12/12/2019 12:29:42,New Hampshire Ave & East-West Hwy,38.974205,-76.995227,133
538,True,1,1,1,1576168402,9,1,5,0,0,566,12/12/2019 12:29:42,Rhode Island Ave & 39th St / Brentwood Arts Exchange,38.939271,-76.955047,133
539,True,1,1,1,1576058324,8,0,9,0,0,567,12/12/2019 12:29:42,Riggs Rd & East West Hwy,38.9725,-76.9807,133
540,True,1,1,1,1576144695,11,0,4,0,0,568,12/12/2019 12:29:42,Tanger Outlets,38.7968,-77.0026,133
541,True,1,1,1,1576144758,1,0,14,0,0,569,12/12/2019 12:29:42,Chillum Rd & Riggs Rd / Riggs Plaza,38.961737,-76.995922,133
542,True,1,1,1,1576144786,13,0,2,0,0,570,12/12/2019 12:29:42,Hyattsville Library / Adelphi Rd & Toledo Rd,38.9698,-76.9493,133
543,False,1,1,1,1576163740,8,0,4,0,0,571,12/12/2019 12:29:42,George Mason High School / Haycock Rd & Leesburg Pike,38.895172,-77.190275,152
544,True,1,1,1,1576157183,9,0,3,0,0,572,12/12/2019 12:29:42,State Theatre / Park Pl & N Washington St,38.882746,-77.170032,152
545,True,1,1,1,1576109369,9,0,3,0,0,573,12/12/2019 12:29:42,N Oak St & W Broad St,38.88837,-77.179832,152
546,True,1,1,1,1576157415,7,0,5,0,0,574,12/12/2019 12:29:42,Pennsylvania Ave & Park Ave,38.887403,-77.176992,152
547,True,1,1,1,1576122297,11,0,1,0,0,575,12/12/2019 12:29:42,E Fairfax St & S Washington St,38.880612,-77.171891,152
548,True,1,1,1,1576168189,11,0,1,0,0,576,12/12/2019 12:29:42,N Roosevelt St & Roosevelt Blvd,38.878085,-77.153953,152
549,True,1,1,1,1576144693,8,0,4,0,0,577,12/12/2019 12:29:42,W Broad St & Little Falls St,38.883601,-77.173438,152
550,True,1,1,1,1576058355,11,0,1,0,0,578,12/12/2019 12:29:42,S Maple Ave & S Washington St,38.87972,-77.178408,152
551,True,1,1,1,1576153990,4,0,8,0,0,579,12/12/2019 12:29:42,Falls Church City Hall / Park Ave & Little Falls St,38.885434,-77.173605,152
552,True,1,1,1,1576156001,3,0,9,0,0,580,12/12/2019 12:29:42,W Columbia St & N Washington St,38.885621,-77.166917,152
553,True,1,1,1,1576108806,0,0,19,0,0,581,12/12/2019 12:29:42,West Falls Church Metro,38.9001,-77.1887,104
554,True,1,1,1,1576144697,6,0,5,0,0,582,12/12/2019 12:29:42,Jones Branch Drive & Scotts Crossing Rd,38.928502,-77.215624,104
555,False,1,1,1,1576156884,0,1,18,0,0,583,12/12/2019 12:29:42,Georgia Ave & Morton St NW,38.932128,-77.0235,42
556,True,1,1,1,1576151604,9,0,2,0,0,584,12/12/2019 12:29:42,Merrilee Dr & Lauren Elizabeth Lane,38.879355,-77.230681,104
557,True,1,1,1,1576161172,7,0,4,0,0,585,12/12/2019 12:29:42,Merrifield Cinema & Merrifield Town Center,38.870093,-77.22997,104
558,True,1,1,1,1576169080,4,0,15,0,0,586,12/12/2019 12:29:42,Rhode Island & Montana Ave NE,38.9243,-76.9859,42
559,True,1,1,1,1576168309,3,2,14,0,0,587,12/12/2019 12:29:42,7th & S St NW,38.9142043187298,-77.0221745967865,42
560,True,1,1,1,1576153682,0,1,14,0,0,588,12/12/2019 12:29:42,North Capitol & R St NE,38.912524,-77.008798,42
561,True,1,1,1,1576156058,3,0,16,0,0,589,12/12/2019 12:29:42,17th & Upshur St NW,38.942146,-77.038684,42
562,True,1,1,1,1576160425,0,0,19,0,0,591,12/12/2019 12:29:42,14th & Otis Pl NW,38.934405,-77.032687,42
563,True,1,1,1,1576144735,0,0,19,0,0,592,12/12/2019 12:29:42,John McCormack Rd NE,38.938889,-76.997226,42
564,True,1,1,1,1576165643,14,0,3,0,0,593,12/12/2019 12:29:42,West Hyattsville Metro,38.955349,-76.968084,133
565,True,1,1,1,1576144692,9,0,10,0,0,594,12/12/2019 12:29:42,Capitol Heights Metro,38.888524,-76.913188,133
566,True,1,1,1,1576159623,2,0,15,0,0,595,12/12/2019 12:29:42,Prince George's Plaza Metro,38.965742,-76.954803,133
567,True,1,1,1,1576159128,15,1,1,0,0,596,12/12/2019 12:29:42,Riverdale Park Town Center,38.962119,-76.935578,133
568,True,1,1,1,1576093327,5,0,12,0,0,597,12/12/2019 12:29:42,The Mall at Prince Georges,38.968842,-76.954171,133
569,True,1,1,1,1576058317,6,0,5,0,0,598,12/12/2019 12:29:42,Wheaton Library & Community Rec Center,39.0473228,-77.0510969,44
570,True,1,1,1,1576163996,1,0,14,0,0,599,12/12/2019 12:29:42,Edgewood Rec Center,38.924144,-77.002098,42
571,True,1,1,1,1576170651,1,0,14,0,0,601,12/12/2019 12:29:42,8th & K St NE,38.90273216425078,-76.99514991079923,42
572,True,1,1,1,1576144754,16,0,3,0,0,602,12/12/2019 12:29:42,Kingman Island/The Fields at RFK,38.89595455700754,-76.9678448436025,42
573,True,1,1,1,1576102907,5,0,14,0,0,603,12/12/2019 12:29:42,Kenilworth Terrace & Hayes St. NE,38.90046848783359,-76.9472873210907,42
574,True,1,1,1,1576144723,9,0,6,0,0,604,12/12/2019 12:29:42,National Harbor Carousel,38.7859,-77.0167,133
575,False,1,1,1,1576083094,10,0,9,0,0,605,12/12/2019 12:29:42,Valley Ave & Wheeler Rd SE,38.83664578175751,-76.99358886515256,42
576,True,1,1,1,1576171477,9,0,10,0,0,606,12/12/2019 12:29:42,Ridge Rd Community Center,38.876227445751475,-76.94098126958124,42
